INDICATOR_ID,COUNTRY_ID,YEAR,TYPE,METADATA
700146,ARG,2012,Over Coverage:FCS domains,"Includes Intangible cultural heritage"
700146,ARG,2012,Qualifier:Data quality,"Data suppressed due to confidentiality or reliability issues"
700146,ARM,2014,Over Coverage:Methodology,"Cultural employment is overestimated"
700146,BIH,2014,Over Coverage:Methodology,"Cultural employment is overestimated"
700146,BIH,2015,Over Coverage:Methodology,"Cultural employment is overestimated"
700146,BOL,2011,Over Coverage:FCS domains,"Includes Intangible cultural heritage"
700146,BOL,2011,Over Coverage:Methodology,"Cultural employment is overestimated"
700146,BOL,2015,Over Coverage:Classification,"Includes other occupation(s)"
700146,BOL,2015,Over Coverage:Methodology,"Cultural employment is overestimated"
700146,BRA,2013,Over Coverage:FCS domains,"Includes Intangible cultural heritage"
700146,CHL,2013,Over Coverage:FCS domains,"Includes Intangible cultural heritage"
700146,DOM,2013,Over Coverage:FCS domains,"Includes Intangible cultural heritage"
700146,ECU,2013,Over Coverage:FCS domains,"Includes Intangible cultural heritage"
700146,FIN,2014,Over Coverage:Methodology,"Cultural employment is overestimated"
700146,FIN,2015,Over Coverage:Methodology,"Cultural employment is overestimated"
700146,GEO,2014,Qualifier:Data quality,"Data suppressed due to confidentiality or reliability issues"
700146,GHA,2014,Over Coverage:Methodology,"Cultural employment is overestimated"
700146,HND,2010,Over Coverage:FCS domains,"Includes Intangible cultural heritage"
700146,HND,2010,Over Coverage:Methodology,"Cultural employment is overestimated"
700146,KOR,2014,Over Coverage:Methodology,"Cultural employment is overestimated"
700146,MAC,2015,Over Coverage:Methodology,"Cultural employment is overestimated"
700146,MDV,2014,Over Coverage:Classification,"Includes other industry(ies)"
700146,MDV,2014,Over Coverage:Classification,"Includes other occupation(s)"
700146,MDV,2014,Over Coverage:Methodology,"Cultural employment is overestimated"
700146,MEX,2014,Over Coverage:Methodology,"Cultural employment is overestimated"
700146,MEX,2015,Over Coverage:Methodology,"Cultural employment is overestimated"
700146,MLI,2014,Over Coverage:Methodology,"Cultural employment is overestimated"
700146,MLT,2014,Over Coverage:Methodology,"Cultural employment is overestimated"
700146,MLT,2015,Over Coverage:Methodology,"Cultural employment is overestimated"
700146,MNG,2014,Over Coverage:FCS domains,"Includes Intangible cultural heritage"
700146,MNG,2015,Qualifier:Data quality,"Data suppressed due to confidentiality or reliability issues"
700146,NIC,2009,Over Coverage:FCS domains,"Includes Intangible cultural heritage"
700146,PAK,2014,Over Coverage:Methodology,"Cultural employment is overestimated"
700146,PAK,2015,Over Coverage:FCS domains,"Includes Intangible cultural heritage"
700146,PAK,2015,Over Coverage:Methodology,"Cultural employment is overestimated"
700146,PAN,2013,Over Coverage:FCS domains,"Includes Intangible cultural heritage"
700146,PAN,2013,Over Coverage:Methodology,"Cultural employment is overestimated"
700146,PER,2013,Over Coverage:FCS domains,"Includes Intangible cultural heritage"
700146,PHL,2014,Over Coverage:Methodology,"Cultural employment is overestimated"
700146,PRT,2014,Over Coverage:Methodology,"Cultural employment is overestimated"
700146,PRY,2010,Over Coverage:FCS domains,"Includes Intangible cultural heritage"
700146,PSE,2015,Over Coverage:Methodology,"Cultural employment is overestimated"
700146,RUS,2014,Over Coverage:Methodology,"Cultural employment is overestimated"
700146,SLV,2013,Over Coverage:FCS domains,"Includes Intangible cultural heritage"
700146,URY,2013,Over Coverage:FCS domains,"Includes Intangible cultural heritage"
700146,VNM,2014,Over Coverage:Methodology,"Cultural employment is overestimated"
700146,ZAF,2014,Over Coverage:Methodology,"Cultural employment is overestimated"
700147,ARG,2012,Over Coverage:FCS domains,"Includes Intangible cultural heritage"
700147,ARG,2012,Qualifier:Data quality,"Data suppressed due to confidentiality or reliability issues"
700147,BIH,2014,Over Coverage:Methodology,"Cultural employment is overestimated"
700147,BIH,2015,Over Coverage:Methodology,"Cultural employment is overestimated"
700147,BOL,2011,Over Coverage:FCS domains,"Includes Intangible cultural heritage"
700147,BOL,2015,Over Coverage:Classification,"Includes other occupation(s)"
700147,BRA,2013,Over Coverage:FCS domains,"Includes Intangible cultural heritage"
700147,CHL,2013,Over Coverage:FCS domains,"Includes Intangible cultural heritage"
700147,DOM,2013,Over Coverage:FCS domains,"Includes Intangible cultural heritage"
700147,ECU,2013,Over Coverage:FCS domains,"Includes Intangible cultural heritage"
700147,FIN,2014,Over Coverage:Methodology,"Cultural employment is overestimated"
700147,FIN,2015,Over Coverage:Classification,"Includes other occupation(s)"
700147,GEO,2014,Qualifier:Data quality,"Data suppressed due to confidentiality or reliability issues"
700147,GHA,2014,Over Coverage:Classification,"Includes other occupation(s)"
700147,HND,2010,Over Coverage:FCS domains,"Includes Intangible cultural heritage"
700147,KOR,2014,Over Coverage:Classification,"Includes other occupation(s)"
700147,MAC,2015,Over Coverage:Classification,"Includes other occupation(s)"
700147,MDV,2014,Over Coverage:Classification,"Includes other occupation(s)"
700147,MEX,2015,Over Coverage:Classification,"Includes other occupation(s)"
700147,MLT,2014,Over Coverage:Methodology,"Cultural employment is overestimated"
700147,MLT,2015,Over Coverage:Classification,"Includes other occupation(s)"
700147,MNG,2014,Over Coverage:FCS domains,"Includes Intangible cultural heritage"
700147,NIC,2009,Over Coverage:FCS domains,"Includes Intangible cultural heritage"
700147,PAK,2014,Over Coverage:Classification,"Includes other occupation(s)"
700147,PAK,2015,Over Coverage:Classification,"Includes other occupation(s)"
700147,PAK,2015,Over Coverage:FCS domains,"Includes Intangible cultural heritage"
700147,PAN,2013,Over Coverage:FCS domains,"Includes Intangible cultural heritage"
700147,PAN,2013,Over Coverage:Methodology,"Cultural employment is overestimated"
700147,PER,2013,Over Coverage:FCS domains,"Includes Intangible cultural heritage"
700147,PRY,2010,Over Coverage:FCS domains,"Includes Intangible cultural heritage"
700147,PSE,2015,Over Coverage:Classification,"Includes other occupation(s)"
700147,RUS,2014,Over Coverage:Classification,"Includes other occupation(s)"
700147,SLV,2013,Over Coverage:FCS domains,"Includes Intangible cultural heritage"
700147,URY,2013,Over Coverage:FCS domains,"Includes Intangible cultural heritage"
700147,VNM,2014,Over Coverage:Classification,"Includes other occupation(s)"
700148,ARG,2012,Over Coverage:FCS domains,"Includes Intangible cultural heritage"
700148,ARG,2012,Qualifier:Data quality,"Data suppressed due to confidentiality or reliability issues"
700148,BIH,2014,Over Coverage:Methodology,"Cultural employment is overestimated"
700148,BIH,2015,Over Coverage:Methodology,"Cultural employment is overestimated"
700148,BOL,2011,Over Coverage:FCS domains,"Includes Intangible cultural heritage"
700148,BOL,2015,Over Coverage:Classification,"Includes other occupation(s)"
700148,BRA,2013,Over Coverage:FCS domains,"Includes Intangible cultural heritage"
700148,CHL,2013,Over Coverage:FCS domains,"Includes Intangible cultural heritage"
700148,DOM,2013,Over Coverage:FCS domains,"Includes Intangible cultural heritage"
700148,ECU,2013,Over Coverage:FCS domains,"Includes Intangible cultural heritage"
700148,FIN,2014,Over Coverage:Methodology,"Cultural employment is overestimated"
700148,FIN,2015,Over Coverage:Classification,"Includes other occupation(s)"
700148,GHA,2014,Over Coverage:Classification,"Includes other occupation(s)"
700148,HND,2010,Over Coverage:FCS domains,"Includes Intangible cultural heritage"
700148,KOR,2014,Over Coverage:Classification,"Includes other occupation(s)"
700148,LKA,2016,Qualifier:Data quality,"Data suppressed due to confidentiality or reliability issues"
700148,MAC,2015,Over Coverage:Classification,"Includes other occupation(s)"
700148,MDV,2014,Over Coverage:Classification,"Includes other occupation(s)"
700148,MEX,2015,Over Coverage:Classification,"Includes other occupation(s)"
700148,MLT,2014,Over Coverage:Methodology,"Cultural employment is overestimated"
700148,MLT,2015,Over Coverage:Classification,"Includes other occupation(s)"
700148,MNG,2014,Over Coverage:FCS domains,"Includes Intangible cultural heritage"
700148,NIC,2009,Over Coverage:FCS domains,"Includes Intangible cultural heritage"
700148,PAK,2014,Over Coverage:Classification,"Includes other occupation(s)"
700148,PAK,2015,Over Coverage:Classification,"Includes other occupation(s)"
700148,PAK,2015,Over Coverage:FCS domains,"Includes Intangible cultural heritage"
700148,PAN,2013,Over Coverage:FCS domains,"Includes Intangible cultural heritage"
700148,PAN,2013,Over Coverage:Methodology,"Cultural employment is overestimated"
700148,PER,2013,Over Coverage:FCS domains,"Includes Intangible cultural heritage"
700148,PRY,2010,Over Coverage:FCS domains,"Includes Intangible cultural heritage"
700148,PSE,2015,Over Coverage:Classification,"Includes other occupation(s)"
700148,RUS,2014,Over Coverage:Classification,"Includes other occupation(s)"
700148,SLV,2013,Over Coverage:FCS domains,"Includes Intangible cultural heritage"
700148,SVN,2014,Over Coverage:Classification,"Includes other occupation(s)"
700148,SVN,2015,Over Coverage:Classification,"Includes other occupation(s)"
700148,SVN,2016,Over Coverage:Classification,"Includes other occupation(s)"
700148,URY,2013,Over Coverage:FCS domains,"Includes Intangible cultural heritage"
700148,VNM,2014,Over Coverage:Classification,"Includes other occupation(s)"
700149,ARG,2012,Over Coverage:FCS domains,"Includes Intangible cultural heritage"
700149,ARG,2012,Qualifier:Data quality,"Data suppressed due to confidentiality or reliability issues"
700149,ARM,2014,Over Coverage:Methodology,"Cultural employment is overestimated"
700149,BIH,2014,Over Coverage:Methodology,"Cultural employment is overestimated"
700149,BIH,2015,Over Coverage:Methodology,"Cultural employment is overestimated"
700149,BOL,2011,Over Coverage:FCS domains,"Includes Intangible cultural heritage"
700149,BOL,2011,Over Coverage:Methodology,"Cultural employment is overestimated"
700149,BRA,2013,Over Coverage:FCS domains,"Includes Intangible cultural heritage"
700149,CHL,2013,Over Coverage:FCS domains,"Includes Intangible cultural heritage"
700149,DOM,2013,Over Coverage:FCS domains,"Includes Intangible cultural heritage"
700149,ECU,2013,Over Coverage:FCS domains,"Includes Intangible cultural heritage"
700149,FIN,2015,Over Coverage:Classification,"Includes other industry(ies)"
700149,GEO,2014,Qualifier:Data quality,"Data suppressed due to confidentiality or reliability issues"
700149,GHA,2014,Over Coverage:Classification,"Includes other industry(ies)"
700149,HND,2010,Over Coverage:FCS domains,"Includes Intangible cultural heritage"
700149,HND,2010,Over Coverage:Methodology,"Cultural employment is overestimated"
700149,KOR,2014,Over Coverage:Classification,"Includes other industry(ies)"
700149,MAC,2015,Over Coverage:Classification,"Includes other industry(ies)"
700149,MDV,2014,Over Coverage:Classification,"Includes other industry(ies)"
700149,MEX,2014,Over Coverage:Methodology,"Cultural employment is overestimated"
700149,MEX,2015,Over Coverage:Classification,"Includes other industry(ies)"
700149,MLI,2014,Over Coverage:Methodology,"Cultural employment is overestimated"
700149,MLT,2014,Over Coverage:Methodology,"Cultural employment is overestimated"
700149,MLT,2015,Over Coverage:Classification,"Includes other industry(ies)"
700149,NIC,2009,Over Coverage:FCS domains,"Includes Intangible cultural heritage"
700149,PAK,2014,Over Coverage:Classification,"Includes other industry(ies)"
700149,PAK,2015,Over Coverage:Classification,"Includes other industry(ies)"
700149,PAN,2013,Over Coverage:FCS domains,"Includes Intangible cultural heritage"
700149,PAN,2013,Over Coverage:Methodology,"Cultural employment is overestimated"
700149,PER,2013,Over Coverage:FCS domains,"Includes Intangible cultural heritage"
700149,PHL,2014,Over Coverage:Methodology,"Cultural employment is overestimated"
700149,PRT,2014,Over Coverage:Methodology,"Cultural employment is overestimated"
700149,PRY,2010,Over Coverage:FCS domains,"Includes Intangible cultural heritage"
700149,PSE,2015,Over Coverage:Classification,"Includes other industry(ies)"
700149,RUS,2014,Over Coverage:Classification,"Includes other industry(ies)"
700149,SLV,2013,Over Coverage:FCS domains,"Includes Intangible cultural heritage"
700149,URY,2013,Over Coverage:FCS domains,"Includes Intangible cultural heritage"
700149,VNM,2014,Over Coverage:Classification,"Includes other industry(ies)"
700149,ZAF,2014,Over Coverage:Classification,"Includes other industry(ies)"
700150,ARG,2012,Over Coverage:FCS domains,"Includes Intangible cultural heritage"
700150,ARG,2012,Qualifier:Data quality,"Data suppressed due to confidentiality or reliability issues"
700150,BOL,2011,Over Coverage:FCS domains,"Includes Intangible cultural heritage"
700150,BRA,2013,Over Coverage:FCS domains,"Includes Intangible cultural heritage"
700150,CHL,2013,Over Coverage:FCS domains,"Includes Intangible cultural heritage"
700150,DOM,2013,Over Coverage:FCS domains,"Includes Intangible cultural heritage"
700150,ECU,2013,Over Coverage:FCS domains,"Includes Intangible cultural heritage"
700150,GEO,2014,Qualifier:Data quality,"Data suppressed due to confidentiality or reliability issues"
700150,HND,2010,Over Coverage:FCS domains,"Includes Intangible cultural heritage"
700150,NIC,2009,Over Coverage:FCS domains,"Includes Intangible cultural heritage"
700150,PAN,2013,Over Coverage:FCS domains,"Includes Intangible cultural heritage"
700150,PAN,2013,Over Coverage:Methodology,"Cultural employment is overestimated"
700150,PER,2013,Over Coverage:FCS domains,"Includes Intangible cultural heritage"
700150,PRY,2010,Over Coverage:FCS domains,"Includes Intangible cultural heritage"
700150,SLV,2013,Over Coverage:FCS domains,"Includes Intangible cultural heritage"
700150,URY,2013,Over Coverage:FCS domains,"Includes Intangible cultural heritage"
700151,ARG,2012,Over Coverage:FCS domains,"Includes Intangible cultural heritage"
700151,ARG,2012,Qualifier:Data quality,"Data suppressed due to confidentiality or reliability issues"
700151,BOL,2011,Over Coverage:FCS domains,"Includes Intangible cultural heritage"
700151,BRA,2013,Over Coverage:FCS domains,"Includes Intangible cultural heritage"
700151,CHL,2013,Over Coverage:FCS domains,"Includes Intangible cultural heritage"
700151,DOM,2013,Over Coverage:FCS domains,"Includes Intangible cultural heritage"
700151,ECU,2013,Over Coverage:FCS domains,"Includes Intangible cultural heritage"
700151,HND,2010,Over Coverage:FCS domains,"Includes Intangible cultural heritage"
700151,LKA,2016,Qualifier:Data quality,"Data suppressed due to confidentiality or reliability issues"
700151,NIC,2009,Over Coverage:FCS domains,"Includes Intangible cultural heritage"
700151,PAN,2013,Over Coverage:FCS domains,"Includes Intangible cultural heritage"
700151,PAN,2013,Over Coverage:Methodology,"Cultural employment is overestimated"
700151,PER,2013,Over Coverage:FCS domains,"Includes Intangible cultural heritage"
700151,PRY,2010,Over Coverage:FCS domains,"Includes Intangible cultural heritage"
700151,SLV,2013,Over Coverage:FCS domains,"Includes Intangible cultural heritage"
700151,URY,2013,Over Coverage:FCS domains,"Includes Intangible cultural heritage"
700152,ARG,2012,Qualifier:Data quality,"Data suppressed due to confidentiality or reliability issues"
700152,ARM,2014,Over Coverage:Methodology,"Cultural employment is overestimated"
700152,BIH,2014,Over Coverage:Methodology,"Cultural employment is overestimated"
700152,BIH,2015,Over Coverage:Methodology,"Cultural employment is overestimated"
700152,BOL,2011,Over Coverage:Methodology,"Cultural employment is overestimated"
700152,FIN,2015,Over Coverage:Classification,"Includes other industry(ies)"
700152,GHA,2014,Over Coverage:Classification,"Includes other industry(ies)"
700152,HND,2010,Over Coverage:Methodology,"Cultural employment is overestimated"
700152,KOR,2014,Over Coverage:Classification,"Includes other industry(ies)"
700152,MAC,2015,Over Coverage:Classification,"Includes other industry(ies)"
700152,MDV,2014,Over Coverage:Classification,"Includes other industry(ies)"
700152,MEX,2014,Over Coverage:Methodology,"Cultural employment is overestimated"
700152,MEX,2015,Over Coverage:Classification,"Includes other industry(ies)"
700152,MLI,2014,Over Coverage:Methodology,"Cultural employment is overestimated"
700152,MLT,2014,Over Coverage:Methodology,"Cultural employment is overestimated"
700152,MLT,2015,Over Coverage:Classification,"Includes other industry(ies)"
700152,PAK,2014,Over Coverage:Classification,"Includes other industry(ies)"
700152,PAK,2015,Over Coverage:Classification,"Includes other industry(ies)"
700152,PHL,2014,Over Coverage:Methodology,"Cultural employment is overestimated"
700152,PRT,2014,Over Coverage:Methodology,"Cultural employment is overestimated"
700152,PSE,2015,Over Coverage:Classification,"Includes other industry(ies)"
700152,RUS,2014,Over Coverage:Classification,"Includes other industry(ies)"
700152,SVN,2014,Over Coverage:Classification,"Includes other industry(ies)"
700152,SVN,2015,Over Coverage:Classification,"Includes other industry(ies)"
700152,SVN,2016,Over Coverage:Classification,"Includes other industry(ies)"
700152,VNM,2014,Over Coverage:Classification,"Includes other industry(ies)"
700152,ZAF,2014,Over Coverage:Classification,"Includes other industry(ies)"
700153,ARG,2012,Qualifier:Data quality,"Data suppressed due to confidentiality or reliability issues"
700155,ARG,2012,Over Coverage:FCS domains,"Includes Intangible cultural heritage"
700155,ARG,2012,Qualifier:Data quality,"Data suppressed due to confidentiality or reliability issues"
700155,BIH,2014,Over Coverage:Methodology,"Cultural employment is overestimated"
700155,BIH,2015,Over Coverage:Methodology,"Cultural employment is overestimated"
700155,BIH,2015,Qualifier:Data quality,"Low reliability, use with caution"
700155,BOL,2011,Over Coverage:FCS domains,"Includes Intangible cultural heritage"
700155,BOL,2015,Over Coverage:Classification,"Includes other occupation(s)"
700155,BRA,2013,Over Coverage:FCS domains,"Includes Intangible cultural heritage"
700155,CHL,2013,Over Coverage:FCS domains,"Includes Intangible cultural heritage"
700155,DOM,2013,Over Coverage:FCS domains,"Includes Intangible cultural heritage"
700155,ECU,2013,Over Coverage:FCS domains,"Includes Intangible cultural heritage"
700155,FIN,2014,Over Coverage:Methodology,"Cultural employment is overestimated"
700155,FIN,2015,Over Coverage:Classification,"Includes other occupation(s)"
700155,GHA,2014,Over Coverage:Classification,"Includes other occupation(s)"
700155,HND,2010,Over Coverage:FCS domains,"Includes Intangible cultural heritage"
700155,KOR,2014,Over Coverage:Classification,"Includes other occupation(s)"
700155,LKA,2016,Qualifier:Data quality,"Data suppressed due to confidentiality or reliability issues"
700155,MDV,2014,Over Coverage:Classification,"Includes other occupation(s)"
700155,MEX,2015,Over Coverage:Classification,"Includes other occupation(s)"
700155,MLT,2014,Over Coverage:Methodology,"Cultural employment is overestimated"
700155,MLT,2015,Over Coverage:Classification,"Includes other occupation(s)"
700155,MNG,2014,Over Coverage:FCS domains,"Includes Intangible cultural heritage"
700155,NIC,2009,Over Coverage:FCS domains,"Includes Intangible cultural heritage"
700155,PAK,2014,Over Coverage:Classification,"Includes other occupation(s)"
700155,PAK,2015,Over Coverage:Classification,"Includes other occupation(s)"
700155,PAK,2015,Over Coverage:FCS domains,"Includes Intangible cultural heritage"
700155,PAN,2013,Over Coverage:FCS domains,"Includes Intangible cultural heritage"
700155,PAN,2013,Over Coverage:Methodology,"Cultural employment is overestimated"
700155,PER,2013,Over Coverage:FCS domains,"Includes Intangible cultural heritage"
700155,PRY,2010,Over Coverage:FCS domains,"Includes Intangible cultural heritage"
700155,PSE,2015,Over Coverage:Classification,"Includes other occupation(s)"
700155,RUS,2014,Over Coverage:Classification,"Includes other occupation(s)"
700155,SLV,2013,Over Coverage:FCS domains,"Includes Intangible cultural heritage"
700155,SVN,2014,Over Coverage:Classification,"Includes other occupation(s)"
700155,SVN,2015,Over Coverage:Classification,"Includes other occupation(s)"
700155,SVN,2016,Over Coverage:Classification,"Includes other occupation(s)"
700155,URY,2013,Over Coverage:FCS domains,"Includes Intangible cultural heritage"
700155,VNM,2014,Over Coverage:Classification,"Includes other occupation(s)"
700155,ZAF,2014,Over Coverage:Classification,"Includes other occupation(s)"
700156,ARG,2012,Over Coverage:FCS domains,"Includes Intangible cultural heritage"
700156,ARG,2012,Qualifier:Data quality,"Data suppressed due to confidentiality or reliability issues"
700156,BOL,2011,Over Coverage:FCS domains,"Includes Intangible cultural heritage"
700156,BRA,2013,Over Coverage:FCS domains,"Includes Intangible cultural heritage"
700156,CHL,2013,Over Coverage:FCS domains,"Includes Intangible cultural heritage"
700156,DOM,2013,Over Coverage:FCS domains,"Includes Intangible cultural heritage"
700156,ECU,2013,Over Coverage:FCS domains,"Includes Intangible cultural heritage"
700156,HND,2010,Over Coverage:FCS domains,"Includes Intangible cultural heritage"
700156,LKA,2016,Qualifier:Data quality,"Data suppressed due to confidentiality or reliability issues"
700156,NIC,2009,Over Coverage:FCS domains,"Includes Intangible cultural heritage"
700156,PAN,2013,Over Coverage:FCS domains,"Includes Intangible cultural heritage"
700156,PAN,2013,Over Coverage:Methodology,"Cultural employment is overestimated"
700156,PER,2013,Over Coverage:FCS domains,"Includes Intangible cultural heritage"
700156,PRY,2010,Over Coverage:FCS domains,"Includes Intangible cultural heritage"
700156,SLV,2013,Over Coverage:FCS domains,"Includes Intangible cultural heritage"
700156,URY,2013,Over Coverage:FCS domains,"Includes Intangible cultural heritage"
700158,ARG,2012,Qualifier:Data quality,"Data suppressed due to confidentiality or reliability issues"
700158,ARG,2016,Qualifier:Data quality,"Low reliability, use with caution"
700158,ARM,2014,Over Coverage:Methodology,"Cultural employment is overestimated"
700158,BIH,2014,Over Coverage:Methodology,"Cultural employment is overestimated"
700158,BIH,2015,Over Coverage:Methodology,"Cultural employment is overestimated"
700158,BIH,2015,Qualifier:Data quality,"Low reliability, use with caution"
700158,BOL,2011,Over Coverage:Methodology,"Cultural employment is overestimated"
700158,FIN,2015,Over Coverage:Classification,"Includes other industry(ies)"
700158,GHA,2014,Over Coverage:Classification,"Includes other industry(ies)"
700158,HND,2010,Over Coverage:Methodology,"Cultural employment is overestimated"
700158,KOR,2014,Over Coverage:Classification,"Includes other industry(ies)"
700158,MDV,2014,Over Coverage:Classification,"Includes other industry(ies)"
700158,MEX,2014,Over Coverage:Methodology,"Cultural employment is overestimated"
700158,MEX,2015,Over Coverage:Classification,"Includes other industry(ies)"
700158,MLI,2014,Over Coverage:Methodology,"Cultural employment is overestimated"
700158,MLT,2014,Over Coverage:Methodology,"Cultural employment is overestimated"
700158,MLT,2015,Over Coverage:Classification,"Includes other industry(ies)"
700158,PAK,2014,Over Coverage:Classification,"Includes other industry(ies)"
700158,PAK,2015,Over Coverage:Classification,"Includes other industry(ies)"
700158,PHL,2014,Over Coverage:Methodology,"Cultural employment is overestimated"
700158,PRT,2014,Over Coverage:Methodology,"Cultural employment is overestimated"
700158,PSE,2015,Over Coverage:Classification,"Includes other industry(ies)"
700158,RUS,2014,Over Coverage:Classification,"Includes other industry(ies)"
700158,SVN,2014,Over Coverage:Classification,"Includes other occupation(s)"
700158,SVN,2015,Over Coverage:Classification,"Includes other industry(ies)"
700158,SVN,2016,Over Coverage:Classification,"Includes other industry(ies)"
700158,VNM,2014,Over Coverage:Classification,"Includes other industry(ies)"
700158,ZAF,2014,Over Coverage:Classification,"Includes other industry(ies)"
700159,ARG,2012,Qualifier:Data quality,"Data suppressed due to confidentiality or reliability issues"
700161,ARG,2012,Over Coverage:FCS domains,"Includes Intangible cultural heritage"
700161,ARG,2012,Qualifier:Data quality,"Data suppressed due to confidentiality or reliability issues"
700161,BIH,2014,Over Coverage:Methodology,"Cultural employment is overestimated"
700161,BIH,2015,Over Coverage:Methodology,"Cultural employment is overestimated"
700161,BOL,2011,Over Coverage:FCS domains,"Includes Intangible cultural heritage"
700161,BOL,2015,Over Coverage:Classification,"Includes other occupation(s)"
700161,BRA,2013,Over Coverage:FCS domains,"Includes Intangible cultural heritage"
700161,CHL,2013,Over Coverage:FCS domains,"Includes Intangible cultural heritage"
700161,DOM,2013,Over Coverage:FCS domains,"Includes Intangible cultural heritage"
700161,ECU,2013,Over Coverage:FCS domains,"Includes Intangible cultural heritage"
700161,FIN,2014,Over Coverage:Methodology,"Cultural employment is overestimated"
700161,FIN,2015,Over Coverage:Classification,"Includes other occupation(s)"
700161,GHA,2014,Over Coverage:Classification,"Includes other occupation(s)"
700161,HND,2010,Over Coverage:FCS domains,"Includes Intangible cultural heritage"
700161,KOR,2014,Over Coverage:Classification,"Includes other occupation(s)"
700161,LKA,2016,Qualifier:Data quality,"Data suppressed due to confidentiality or reliability issues"
700161,MDV,2014,Over Coverage:Classification,"Includes other occupation(s)"
700161,MEX,2015,Over Coverage:Classification,"Includes other occupation(s)"
700161,MLT,2014,Over Coverage:Methodology,"Cultural employment is overestimated"
700161,MLT,2015,Over Coverage:Classification,"Includes other occupation(s)"
700161,MNG,2014,Over Coverage:FCS domains,"Includes Intangible cultural heritage"
700161,NIC,2009,Over Coverage:FCS domains,"Includes Intangible cultural heritage"
700161,PAK,2014,Over Coverage:Classification,"Includes other occupation(s)"
700161,PAK,2015,Over Coverage:Classification,"Includes other occupation(s)"
700161,PAK,2015,Over Coverage:FCS domains,"Includes Intangible cultural heritage"
700161,PAN,2013,Over Coverage:FCS domains,"Includes Intangible cultural heritage"
700161,PAN,2013,Over Coverage:Methodology,"Cultural employment is overestimated"
700161,PER,2013,Over Coverage:FCS domains,"Includes Intangible cultural heritage"
700161,PRY,2010,Over Coverage:FCS domains,"Includes Intangible cultural heritage"
700161,PSE,2015,Over Coverage:Classification,"Includes other occupation(s)"
700161,RUS,2014,Over Coverage:Classification,"Includes other occupation(s)"
700161,SLV,2013,Over Coverage:FCS domains,"Includes Intangible cultural heritage"
700161,SVN,2014,Over Coverage:Classification,"Includes other occupation(s)"
700161,SVN,2015,Over Coverage:Classification,"Includes other occupation(s)"
700161,SVN,2016,Over Coverage:Classification,"Includes other occupation(s)"
700161,URY,2013,Over Coverage:FCS domains,"Includes Intangible cultural heritage"
700161,VNM,2014,Over Coverage:Classification,"Includes other occupation(s)"
700161,ZAF,2014,Over Coverage:Classification,"Includes other occupation(s)"
700162,ARG,2012,Over Coverage:FCS domains,"Includes Intangible cultural heritage"
700162,ARG,2012,Qualifier:Data quality,"Data suppressed due to confidentiality or reliability issues"
700162,BOL,2011,Over Coverage:FCS domains,"Includes Intangible cultural heritage"
700162,BRA,2013,Over Coverage:FCS domains,"Includes Intangible cultural heritage"
700162,CHL,2013,Over Coverage:FCS domains,"Includes Intangible cultural heritage"
700162,DOM,2013,Over Coverage:FCS domains,"Includes Intangible cultural heritage"
700162,ECU,2013,Over Coverage:FCS domains,"Includes Intangible cultural heritage"
700162,HND,2010,Over Coverage:FCS domains,"Includes Intangible cultural heritage"
700162,LKA,2016,Qualifier:Data quality,"Data suppressed due to confidentiality or reliability issues"
700162,NIC,2009,Over Coverage:FCS domains,"Includes Intangible cultural heritage"
700162,PAN,2013,Over Coverage:FCS domains,"Includes Intangible cultural heritage"
700162,PAN,2013,Over Coverage:Methodology,"Cultural employment is overestimated"
700162,PER,2013,Over Coverage:FCS domains,"Includes Intangible cultural heritage"
700162,PRY,2010,Over Coverage:FCS domains,"Includes Intangible cultural heritage"
700162,SLV,2013,Over Coverage:FCS domains,"Includes Intangible cultural heritage"
700162,URY,2013,Over Coverage:FCS domains,"Includes Intangible cultural heritage"
700164,ARG,2012,Qualifier:Data quality,"Data suppressed due to confidentiality or reliability issues"
700164,ARG,2016,Qualifier:Data quality,"Low reliability, use with caution"
700164,ARM,2014,Over Coverage:Methodology,"Cultural employment is overestimated"
700164,BIH,2014,Over Coverage:Methodology,"Cultural employment is overestimated"
700164,BIH,2015,Over Coverage:Methodology,"Cultural employment is overestimated"
700164,BIH,2015,Qualifier:Data quality,"Low reliability, use with caution"
700164,BOL,2011,Over Coverage:Methodology,"Cultural employment is overestimated"
700164,FIN,2015,Over Coverage:Classification,"Includes other industry(ies)"
700164,GHA,2014,Over Coverage:Classification,"Includes other industry(ies)"
700164,HND,2010,Over Coverage:Methodology,"Cultural employment is overestimated"
700164,KOR,2014,Over Coverage:Classification,"Includes other industry(ies)"
700164,MDV,2014,Over Coverage:Classification,"Includes other industry(ies)"
700164,MEX,2014,Over Coverage:Methodology,"Cultural employment is overestimated"
700164,MEX,2015,Over Coverage:Classification,"Includes other industry(ies)"
700164,MLI,2014,Over Coverage:Methodology,"Cultural employment is overestimated"
700164,MLT,2014,Over Coverage:Methodology,"Cultural employment is overestimated"
700164,MLT,2015,Over Coverage:Classification,"Includes other industry(ies)"
700164,PAK,2014,Over Coverage:Classification,"Includes other industry(ies)"
700164,PAK,2015,Over Coverage:Classification,"Includes other industry(ies)"
700164,PHL,2014,Over Coverage:Methodology,"Cultural employment is overestimated"
700164,PRT,2014,Over Coverage:Methodology,"Cultural employment is overestimated"
700164,PSE,2015,Over Coverage:Classification,"Includes other industry(ies)"
700164,RUS,2014,Over Coverage:Classification,"Includes other industry(ies)"
700164,SVN,2014,Over Coverage:Classification,"Includes other occupation(s)"
700164,SVN,2015,Over Coverage:Classification,"Includes other industry(ies)"
700164,SVN,2016,Over Coverage:Classification,"Includes other industry(ies)"
700164,VNM,2014,Over Coverage:Classification,"Includes other industry(ies)"
700164,ZAF,2014,Over Coverage:Classification,"Includes other industry(ies)"
700165,ARG,2012,Qualifier:Data quality,"Data suppressed due to confidentiality or reliability issues"
700179,ARG,2012,Over Coverage:FCS domains,"Includes Intangible cultural heritage"
700179,ARG,2012,Qualifier:Data quality,"Data suppressed due to confidentiality or reliability issues"
700179,BIH,2014,Over Coverage:Methodology,"Cultural employment is overestimated"
700179,BIH,2015,Over Coverage:Methodology,"Cultural employment is overestimated"
700179,BIH,2015,Qualifier:Data quality,"Data suppressed due to confidentiality or reliability issues"
700179,BOL,2011,Over Coverage:FCS domains,"Includes Intangible cultural heritage"
700179,BOL,2015,Over Coverage:Classification,"Includes other occupation(s)"
700179,BRA,2013,Over Coverage:FCS domains,"Includes Intangible cultural heritage"
700179,CHL,2013,Over Coverage:FCS domains,"Includes Intangible cultural heritage"
700179,CYP,2014,Qualifier:Data quality,"Low reliability, use with caution"
700179,CYP,2015,Qualifier:Data quality,"Low reliability, use with caution"
700179,DOM,2013,Over Coverage:FCS domains,"Includes Intangible cultural heritage"
700179,ECU,2013,Over Coverage:FCS domains,"Includes Intangible cultural heritage"
700179,FIN,2014,Over Coverage:Methodology,"Cultural employment is overestimated"
700179,FIN,2015,Over Coverage:Classification,"Includes other occupation(s)"
700179,GHA,2014,Over Coverage:Classification,"Includes other occupation(s)"
700179,HND,2010,Over Coverage:FCS domains,"Includes Intangible cultural heritage"
700179,HRV,2015,Qualifier:Data quality,"Data suppressed due to confidentiality or reliability issues"
700179,KOR,2014,Over Coverage:Classification,"Includes other occupation(s)"
700179,LKA,2016,Change:Age group,"Below 29 year-year-old population"
700179,LKA,2016,Qualifier:Data quality,"Data suppressed due to confidentiality or reliability issues"
700179,MAC,2014,Change:Age group,"Excludes 15-year-old population"
700179,MDV,2014,Over Coverage:Classification,"Includes other occupation(s)"
700179,MEX,2015,Over Coverage:Classification,"Includes other occupation(s)"
700179,MLT,2014,Over Coverage:Methodology,"Cultural employment is overestimated"
700179,MLT,2015,Over Coverage:Classification,"Includes other occupation(s)"
700179,MNG,2014,Over Coverage:FCS domains,"Includes Intangible cultural heritage"
700179,MNG,2015,Qualifier:Data quality,"Data suppressed due to confidentiality or reliability issues"
700179,NIC,2009,Over Coverage:FCS domains,"Includes Intangible cultural heritage"
700179,PAK,2014,Over Coverage:Classification,"Includes other occupation(s)"
700179,PAK,2015,Over Coverage:Classification,"Includes other occupation(s)"
700179,PAK,2015,Over Coverage:FCS domains,"Includes Intangible cultural heritage"
700179,PAN,2013,Over Coverage:FCS domains,"Includes Intangible cultural heritage"
700179,PAN,2013,Over Coverage:Methodology,"Cultural employment is overestimated"
700179,PER,2013,Over Coverage:FCS domains,"Includes Intangible cultural heritage"
700179,PRY,2010,Over Coverage:FCS domains,"Includes Intangible cultural heritage"
700179,PSE,2015,Over Coverage:Classification,"Includes other occupation(s)"
700179,ROU,2014,Qualifier:Data quality,"Low reliability, use with caution"
700179,RUS,2014,Over Coverage:Classification,"Includes other occupation(s)"
700179,SLV,2013,Over Coverage:FCS domains,"Includes Intangible cultural heritage"
700179,SVN,2014,Over Coverage:Classification,"Includes other occupation(s)"
700179,SVN,2015,Over Coverage:Classification,"Includes other occupation(s)"
700179,SVN,2016,Over Coverage:Classification,"Includes other occupation(s)"
700179,URY,2013,Over Coverage:FCS domains,"Includes Intangible cultural heritage"
700179,VNM,2014,Over Coverage:Classification,"Includes other occupation(s)"
700179,ZAF,2014,Over Coverage:Classification,"Includes other occupation(s)"
700180,ARG,2012,Over Coverage:FCS domains,"Includes Intangible cultural heritage"
700180,ARG,2012,Qualifier:Data quality,"Data suppressed due to confidentiality or reliability issues"
700180,BOL,2011,Over Coverage:FCS domains,"Includes Intangible cultural heritage"
700180,BRA,2013,Over Coverage:FCS domains,"Includes Intangible cultural heritage"
700180,CHL,2013,Over Coverage:FCS domains,"Includes Intangible cultural heritage"
700180,DOM,2013,Over Coverage:FCS domains,"Includes Intangible cultural heritage"
700180,ECU,2013,Over Coverage:FCS domains,"Includes Intangible cultural heritage"
700180,HND,2010,Over Coverage:FCS domains,"Includes Intangible cultural heritage"
700180,LKA,2016,Change:Age group,"Below 29 year-year-old population"
700180,LKA,2016,Qualifier:Data quality,"Data suppressed due to confidentiality or reliability issues"
700180,MAC,2014,Change:Age group,"Excludes 15-year-old population"
700180,NIC,2009,Over Coverage:FCS domains,"Includes Intangible cultural heritage"
700180,PAN,2013,Over Coverage:FCS domains,"Includes Intangible cultural heritage"
700180,PAN,2013,Over Coverage:Methodology,"Cultural employment is overestimated"
700180,PER,2013,Over Coverage:FCS domains,"Includes Intangible cultural heritage"
700180,PRY,2010,Over Coverage:FCS domains,"Includes Intangible cultural heritage"
700180,SLV,2013,Over Coverage:FCS domains,"Includes Intangible cultural heritage"
700180,URY,2013,Over Coverage:FCS domains,"Includes Intangible cultural heritage"
700182,ARG,2012,Qualifier:Data quality,"Data suppressed due to confidentiality or reliability issues"
700182,ARG,2016,Qualifier:Data quality,"Low reliability, use with caution"
700182,ARM,2014,Over Coverage:Methodology,"Cultural employment is overestimated"
700182,BEL,2015,Qualifier:Data quality,"Low reliability, use with caution"
700182,BGR,2015,Qualifier:Data quality,"Data suppressed due to confidentiality or reliability issues"
700182,BIH,2014,Over Coverage:Methodology,"Cultural employment is overestimated"
700182,BIH,2015,Over Coverage:Methodology,"Cultural employment is overestimated"
700182,BIH,2015,Qualifier:Data quality,"Data suppressed due to confidentiality or reliability issues"
700182,BOL,2011,Over Coverage:Methodology,"Cultural employment is overestimated"
700182,FIN,2015,Over Coverage:Classification,"Includes other industry(ies)"
700182,GHA,2014,Over Coverage:Classification,"Includes other industry(ies)"
700182,HND,2010,Over Coverage:Methodology,"Cultural employment is overestimated"
700182,HRV,2015,Qualifier:Data quality,"Data suppressed due to confidentiality or reliability issues"
700182,KOR,2014,Over Coverage:Classification,"Includes other industry(ies)"
700182,LKA,2016,Change:Age group,"Below 29 year-year-old population"
700182,LKA,2016,Qualifier:Data quality,"Data suppressed due to confidentiality or reliability issues"
700182,MAC,2014,Change:Age group,"Excludes 15-year-old population"
700182,MDV,2014,Over Coverage:Classification,"Includes other industry(ies)"
700182,MEX,2014,Over Coverage:Methodology,"Cultural employment is overestimated"
700182,MEX,2015,Over Coverage:Classification,"Includes other industry(ies)"
700182,MKD,2015,Qualifier:Data quality,"Data suppressed due to confidentiality or reliability issues"
700182,MLI,2014,Over Coverage:Methodology,"Cultural employment is overestimated"
700182,MLT,2014,Over Coverage:Methodology,"Cultural employment is overestimated"
700182,MLT,2015,Over Coverage:Classification,"Includes other industry(ies)"
700182,MNG,2015,Qualifier:Data quality,"Data suppressed due to confidentiality or reliability issues"
700182,PAK,2014,Over Coverage:Classification,"Includes other industry(ies)"
700182,PAK,2015,Over Coverage:Classification,"Includes other industry(ies)"
700182,PHL,2014,Over Coverage:Methodology,"Cultural employment is overestimated"
700182,PRT,2014,Over Coverage:Methodology,"Cultural employment is overestimated"
700182,PSE,2015,Over Coverage:Classification,"Includes other industry(ies)"
700182,RUS,2014,Over Coverage:Classification,"Includes other industry(ies)"
700182,SVN,2014,Over Coverage:Classification,"Includes other occupation(s)"
700182,SVN,2015,Over Coverage:Classification,"Includes other industry(ies)"
700182,SVN,2016,Over Coverage:Classification,"Includes other industry(ies)"
700182,VNM,2014,Over Coverage:Classification,"Includes other industry(ies)"
700182,ZAF,2014,Over Coverage:Classification,"Includes other industry(ies)"
700183,ARG,2012,Qualifier:Data quality,"Data suppressed due to confidentiality or reliability issues"
700183,LKA,2016,Change:Age group,"Below 29 year-year-old population"
700183,LKA,2016,Qualifier:Data quality,"Data suppressed due to confidentiality or reliability issues"
700183,MAC,2014,Change:Age group,"Excludes 15-year-old population"
700185,ARG,2012,Over Coverage:FCS domains,"Includes Intangible cultural heritage"
700185,ARG,2012,Qualifier:Data quality,"Data suppressed due to confidentiality or reliability issues"
700185,BIH,2014,Over Coverage:Methodology,"Cultural employment is overestimated"
700185,BIH,2015,Over Coverage:Methodology,"Cultural employment is overestimated"
700185,BOL,2011,Over Coverage:FCS domains,"Includes Intangible cultural heritage"
700185,BOL,2015,Over Coverage:Classification,"Includes other occupation(s)"
700185,BRA,2013,Over Coverage:FCS domains,"Includes Intangible cultural heritage"
700185,CHL,2013,Over Coverage:FCS domains,"Includes Intangible cultural heritage"
700185,DOM,2013,Over Coverage:FCS domains,"Includes Intangible cultural heritage"
700185,ECU,2013,Over Coverage:FCS domains,"Includes Intangible cultural heritage"
700185,FIN,2014,Over Coverage:Methodology,"Cultural employment is overestimated"
700185,FIN,2015,Over Coverage:Classification,"Includes other occupation(s)"
700185,GHA,2014,Over Coverage:Classification,"Includes other occupation(s)"
700185,HND,2010,Over Coverage:FCS domains,"Includes Intangible cultural heritage"
700185,KOR,2014,Over Coverage:Classification,"Includes other occupation(s)"
700185,LKA,2016,Change:Age group,"Population between 30 -55 year-old"
700185,LKA,2016,Qualifier:Data quality,"Data suppressed due to confidentiality or reliability issues"
700185,MDV,2014,Over Coverage:Classification,"Includes other occupation(s)"
700185,MEX,2015,Over Coverage:Classification,"Includes other occupation(s)"
700185,MLT,2014,Over Coverage:Methodology,"Cultural employment is overestimated"
700185,MLT,2015,Over Coverage:Classification,"Includes other occupation(s)"
700185,MNG,2014,Over Coverage:FCS domains,"Includes Intangible cultural heritage"
700185,NIC,2009,Over Coverage:FCS domains,"Includes Intangible cultural heritage"
700185,PAK,2014,Over Coverage:Classification,"Includes other occupation(s)"
700185,PAK,2015,Over Coverage:Classification,"Includes other occupation(s)"
700185,PAK,2015,Over Coverage:FCS domains,"Includes Intangible cultural heritage"
700185,PAN,2013,Over Coverage:FCS domains,"Includes Intangible cultural heritage"
700185,PAN,2013,Over Coverage:Methodology,"Cultural employment is overestimated"
700185,PER,2013,Over Coverage:FCS domains,"Includes Intangible cultural heritage"
700185,PRY,2010,Over Coverage:FCS domains,"Includes Intangible cultural heritage"
700185,PSE,2015,Over Coverage:Classification,"Includes other occupation(s)"
700185,RUS,2014,Over Coverage:Classification,"Includes other occupation(s)"
700185,SLV,2013,Over Coverage:FCS domains,"Includes Intangible cultural heritage"
700185,SVN,2014,Over Coverage:Classification,"Includes other occupation(s)"
700185,SVN,2015,Over Coverage:Classification,"Includes other occupation(s)"
700185,SVN,2016,Over Coverage:Classification,"Includes other occupation(s)"
700185,URY,2013,Over Coverage:FCS domains,"Includes Intangible cultural heritage"
700185,VNM,2014,Over Coverage:Classification,"Includes other occupation(s)"
700185,ZAF,2014,Over Coverage:Classification,"Includes other occupation(s)"
700186,ARG,2012,Over Coverage:FCS domains,"Includes Intangible cultural heritage"
700186,ARG,2012,Qualifier:Data quality,"Data suppressed due to confidentiality or reliability issues"
700186,BOL,2011,Over Coverage:FCS domains,"Includes Intangible cultural heritage"
700186,BRA,2013,Over Coverage:FCS domains,"Includes Intangible cultural heritage"
700186,CHL,2013,Over Coverage:FCS domains,"Includes Intangible cultural heritage"
700186,DOM,2013,Over Coverage:FCS domains,"Includes Intangible cultural heritage"
700186,ECU,2013,Over Coverage:FCS domains,"Includes Intangible cultural heritage"
700186,HND,2010,Over Coverage:FCS domains,"Includes Intangible cultural heritage"
700186,LKA,2016,Change:Age group,"Population between 30 -55 year-old"
700186,LKA,2016,Qualifier:Data quality,"Data suppressed due to confidentiality or reliability issues"
700186,NIC,2009,Over Coverage:FCS domains,"Includes Intangible cultural heritage"
700186,PAN,2013,Over Coverage:FCS domains,"Includes Intangible cultural heritage"
700186,PAN,2013,Over Coverage:Methodology,"Cultural employment is overestimated"
700186,PER,2013,Over Coverage:FCS domains,"Includes Intangible cultural heritage"
700186,PRY,2010,Over Coverage:FCS domains,"Includes Intangible cultural heritage"
700186,SLV,2013,Over Coverage:FCS domains,"Includes Intangible cultural heritage"
700186,URY,2013,Over Coverage:FCS domains,"Includes Intangible cultural heritage"
